Артикул,Штрих,Назва Товару,silpo_price,silpo_url,varus_price,varus_url,atb_price,atb_url,masterzoo_price,masterzoo_url
14839,4823082402670,Наповнювач Природа Sani Pet Силікагелевий 5л, 384.00 грн,https://silpo.ua/product/napovniuvach-pryroda-sanipet-sylikogelevyi-774557,,https://varus.ua/napovnyuvach-priroda-sani-pet-silikagelevij-dlya-kotiv-5-l,,,245 грн,https://masterzoo.ua/ua/napovnuvach-tualeta-dlya-kotiv-priroda-sani-pet-5-l-silikageleviy/?q=наповнювач природа sani pet силікагелевий 5л
16706,4820083908910,Корм Клуб 4 Лапи Вологі Преміум курка в соусі для дорослих котів 100г,,,,,,,14 грн,https://masterzoo.ua/ua/vologiy-korm-dlya-kotiv-club-4-paws-100-g-kurka-v-sousi/?q=корм клуб 4 лапи вологі преміум курка соусі дорослих котів 100г
10567,4820215364041,Корм Optimeal + для котів з тріскою та овочами в желе 85г, 21.99 грн,https://silpo.ua/product/korm-dlia-kotiv-optimeal-z-triskoiu-ta-ovochamy-v-zhele-853088,,,,,22 грн,https://masterzoo.ua/ua/vologiy-korm-dlya-doroslikh-kotiv-optimeal-85-g-triska-ta-ovochi-v-zhele/?q=корм optimeal котів тріскою овочами желе 85г
16712,4820083909184,Корм Клуб 4 Лапи Преміум телятина для котів 300г,,,,,,,65 грн,https://masterzoo.ua/ua/sukhiy-korm-dlya-kotiv-club-4-paws-premium-300-g-telyatina/?q=корм клуб 4 лапи преміум телятина котів 300г
71380,4011905023410,Пелюшки Trixie для собак 40х60см 7шт,,,,,,,116 грн,https://masterzoo.ua/ua/pelushki-trixie-z-aktivovanim-vugillyam-dlya-sobak-40-kh-60-sm-7-sht/?q=пелюшки trixie собак 40х60см 7шт
16687,4820083905445,Корм Optimeal + для котів з ягням та овочами в желе 85г, 21.99 грн,https://silpo.ua/product/korm-dlia-doroslykh-kotiv-optimeal-z-iagniam-z-ovochamy-v-zhele-700934,,,,,,
2299,5900951302381,Корм Whiskas Тунець в желе 85г, 18.40 грн,https://silpo.ua/product/korm-dlia-kotiv-whiskas-z-tuntsem-v-zhele-920441,17.20 грн,https://varus.ua/korm-dlya-koshek-whiskas-tunets-v-zhele-85g,17.80грн,https://www.atbmarket.com/product/kopm-85-g-whiskas-konsepvi-dla-doposlih-kotiv-z-tuncem-pauc-mup,17 грн,https://masterzoo.ua/ua/volohyi-korm-dlia-kotiv-whiskas-pouch-85-h-tunets/?q=корм whiskas тунець желе 85г
16690,4820083905438,Корм Optimeal + для дорослих котів з телятиною у журавлиному 85г, 21.99 грн,https://silpo.ua/product/korm-dlia-doroslykh-kotiv-optimeal-z-teliatynoiu-u-zhuravlynnomu-sousi-700933,,,,,22 грн,https://masterzoo.ua/ua/vologiy-korm-dlya-doroslikh-kotiv-optimeal-85-g-telyatina/?q=корм optimeal дорослих котів телятиною журавлиному 85г
16703,4820083908903,Корм Клуб 4 Лапи Вологі Преміум кролик в желе для дорослих котів 100г,,,,,,,14 грн,https://masterzoo.ua/ua/volohyi-korm-dlia-kotiv-club-4-paws-pouch-100-h-krolyk/?q=корм клуб 4 лапи вологі преміум кролик желе дорослих котів 100г
16685,4820083905476,Корм Optimeal + для котів з кроликом в білому соусі 85г, 21.99 грн,https://silpo.ua/product/korm-dlia-doroslykh-kotiv-optimeal-z-krolykom-u-bilomu-sousi-700932,29.90 грн,https://varus.ua/korm-dlya-kotiv-z-krolikom-v-bilomu-sousi-optimil-85g,,,,
16708,4820083908965,Корм Клуб 4 Лапи Вологі Преміум телятина в соусі для дорослих котів 100г,,,,,,,14 грн,https://masterzoo.ua/ua/vologiy-korm-dlya-kotiv-club-4-paws-premium-pouch-85-g-telyatina/?q=корм клуб 4 лапи вологі преміум телятина соусі дорослих котів 100г
2302,5900951302176,Корм Whiskas Ягня в желе 85г, 18.40 грн,https://silpo.ua/product/korm-dlia-kotiv-whiskas-z-iagniam-v-zhele-920442,14.90 грн,https://varus.ua/korm-dlya-koshek-whiskas-yagnenok-v-zhele-85g,,,17 грн,https://masterzoo.ua/ua/volohyi-korm-dlia-kotiv-whiskas-tastymix-pouch-85-h-asorti/?q=корм whiskas ягня желе 85г
12984,4770608257170,Корм Sheba Select Slice Курка в соусі для котів 85г,,,,,,,21 грн,https://masterzoo.ua/ua/volohyi-korm-dlia-kotiv-sheba-select-slices-pouch-85-h-kurka-ta-yalovychyna/?q=корм sheba select slice курка соусі котів 85г
16704,4820083908880,Корм Клуб 4 Лапи Вологі Преміум курка в желе для собак 100г,,,,,,,14 грн,https://masterzoo.ua/ua/vologiy-korm-dlya-sobak-club-4-paws-premium-pouch-100-g-kurka/?q=корм клуб 4 лапи вологі преміум курка желе собак 100г
16698,4820083908958,Корм Клуб 4 Лапи Вологі Преміум З макреллю в соусі для дорослих котів 100г,,,,,,,,
2298,5900951302138,Корм Whiskas Курка в желе 85г, 18.40 грн,https://silpo.ua/product/korm-dlia-kotiv-whiskas-z-kurkoiu-v-zhele-920436,17.20 грн,https://varus.ua/korm-dlya-koshek-whiskas-kuritsa-v-zhele-85g,17.80грн,https://www.atbmarket.com/product/korm-85g-whiskas-konservi-dla-doroslih-kotiv-z-kurkou-u-zele-pauc-mup,17 грн,https://masterzoo.ua/ua/volohyi-korm-dlia-kosheniat-whiskas-pouch-85-h-kurka/?q=корм whiskas курка желе 85г
75292,4820083909139,Корм Клуб 4 Лапи Premium Курка сухий для дорослих котів 900г,,,,,,,164 грн,https://masterzoo.ua/ua/sukhiy-korm-dlya-kotiv-pri-zakhvoruvannyakh-sechovividnikh-shlyakhiv-club-4-paws-premium-urinary-900-g/?q=корм клуб 4 лапи premium курка сухий дорослих котів 900г
60533,4820215362429,Снек Клуб 4 Лапи Індичка та ягня для котів 5г,,,17.90 грн,https://varus.ua/myasna-palichka-dlya-kotiv-indichka-ta-yagnya-premium-klub-4-lapi-5g,,,,
45951,4770608257088,Корм Sheba Select Slices Курка та яловичина в соусі для котів 85г,,,,https://varus.ua/korm-dlya-kotiv-yalovichina-v-sousi-sheba-85g,,,21 грн,https://masterzoo.ua/ua/volohyi-korm-dlia-kotiv-sheba-select-slices-pouch-85-h-kurka-ta-yalovychyna/?q=корм sheba select slices курка яловичина соусі котів 85г
75622,4820255192376,Корм М’ясна Миска з яловичиною шматочки в соусі для котів 100г,,,,,,,,
30328,7613031380992,Корм Purina Gourmet Gold Паштет Індичка для котів з/б 85г,,,,,,,,
63518,7613032756659,Корм Purina One Bifensis Sterilcat Лосось та пшениця для котів після стерилізації 800г,,,,,,,,
16720,4820083901584,Корм Мяу Печінка в ніжному соусі для дорослих котів 100г,,,,,96.40грн,https://www.atbmarket.com/product/korm-09-kg-mau-suhij-dla-doroslih-kotiv-masnij-mup,,
36027,4820083908217,Корм Клуб 4 Лапи Преміум М’ясна паличка яловичина для собак 12г,,,,,,,,
75623,4820255192406,Корм М’ясна Миска м’ясний мікс шматочки в соусі для котів 100г,,,,,,,,
13010,"4008429122866,4008429130403,4008429694608",Наповнювач Catsan для котячого туалету 10л,,,,,,,453 грн,https://masterzoo.ua/ua/napovniuvach-dlia-kotiachoho-tualetu-catsan-46-kh-10-l-mineralnyi/?q=наповнювач catsan котячого туалету 10л
13002,5900951262531,Корм Pedigree з яловичиною та ягням в соусі для собак 100г, 19.59 грн,https://silpo.ua/product/korm-dlia-sobak-pedigree-ialovychyna-iagnia-v-sousi-908925,,,18.60грн,https://www.atbmarket.com/product/korm-100g-pedigree-dla-doroslih-sobak-z-alovinou-ta-agnam-u-sousi,,
30344,7613033002458,"Корм Friskies з лососем та овочами для стерилізованих котів 1,5кг",,,,,,,,
2350,4820215362436,Снек Клуб 4 Лапи Premium Курка та форель для котів 5г,,,,,,,,
75621,4820255192390,Корм М’ясна Миска з рибою шматочки в соусі для котів 100г,,,,,,,,
3166,5900951301940,Корм Whiskas Яловичина в соусі 85г, 18.40 грн,https://silpo.ua/product/korm-dlia-kotiv-whiskas-z-ialovychynoiu-v-sousi-920443,14.90 грн,https://varus.ua/korm-dlya-koshek-whiskas-govyadina-v-souse-85g,,,17 грн,https://masterzoo.ua/ua/volohyi-korm-dlia-kosheniat-whiskas-pouch-85-h-yalovychyna/?q=корм whiskas яловичина соусі 85г
75619,4820255192369,Корм М’ясна Миска з куркою та печінкою шматочки в соусі для котів 100г,,,,,,,,
55364,4011905317724,Снек Trixie Stripes з ягням для собак 100г,,,,,,,155 грн,https://masterzoo.ua/ua/lakomstvo-dlya-sobak-trixie-premio-lamb-stripes-100-g-yagnenok/?q=снек trixie stripes ягням собак 100г
2300,5900951302053,Корм Whiskas Лосось в соусі 85г, 18.40 грн,https://silpo.ua/product/korm-dlia-kotiv-whiskas-z-lososem-v-sousi-920440,17.20 грн,https://varus.ua/korm-dlya-koshek-whiskas-losos-v-souse-85g,,,17 грн,https://masterzoo.ua/ua/volohyi-korm-dlia-kotiv-whiskas-tastymix-pouch-85-h-losos-ta-morkva/?q=корм whiskas лосось соусі 85г
75618,4820255192383,Корм М’ясна Миска з індичкою та печінкою шматочки в соусі для котів 100г,,,,,,,,
16719,4820083901812,Корм Мяу Курка в ніжному соусі для дорослих котів 100г,,,,https://varus.ua/korm-konservovaniy-dlya-doroslih-kotiv-z-kurkoyu-v-nizhnomu-sousi-myau-mu-100g,96.40грн,https://www.atbmarket.com/product/korm-09-kg-mau-suhij-dla-doroslih-kotiv-masnij-mup,,
55290,8595602506033,Корм Brit Premium Chicken for sterilised для котів 100г,,,,,,,32 грн,https://masterzoo.ua/ua/vlazhnyy-korm-dlya-sterilizovannykh-koshek-brit-premium-cat-chicken-slices-for-sterilised-pouch-100-g-kusochki-kuritsy/?q=корм brit premium chicken for sterilised котів 100г
30343,7613033923562,"Корм Friskies з лососем та овочами для котів 1,5кг", 239.00 грн,https://silpo.ua/product/korm-dlia-kotiv-friskies-z-lososem-ta-ovochamy-558288,,,46.50грн,https://www.atbmarket.com/product/korm-300g-friskies-suhij-kurka-z-ovocami,197 грн,"https://masterzoo.ua/ua/sukhiy-korm-dlya-kotiv-friskies-15-kg-losos-ta-ovochi/?q=корм friskies лососем овочами котів 1,5кг"
12989,4770608257224,Корм Sheba Fine Flakes Курка в желе для котів 85г,,,,,,,21 грн,https://masterzoo.ua/ua/volohyi-korm-dlia-kotiv-sheba-fine-flakes-pouch-85-h-kurka/?q=корм sheba fine flakes курка желе котів 85г
75311,8595602553181,"Корм Brit Premium Sensitive з ягням сухий для котів із чутливим травленням 1,5кг",,,,,,,427 грн,"https://masterzoo.ua/ua/sukhiy-korm-dlya-kotiv-iz-chutlivim-travlennyam-brit-premium-by-nature-cat-sensitive-15-kg-yagnya/?q=корм brit premium sensitive ягням сухий котів із чутливим травленням 1,5кг"
62596,"8595602534418,8595602560318",Корм Brit Care Mini Lamb Puppies для собак 85г,,,,,,,,
7532,8595602561841,Корм Brit Premium Nature Sensitive Lamb With Buckwheate для собак з/б 400г,,,,,,,,
65980,4011905354743,Іграшка Trixie Качка для собак 20см шт 35474,,,218.90 грн,https://varus.ua/igrashka-dlya-sobak-kanat-kilce-trixie-30sm,,,,
14696,,Корм Клуб 4 Лапи Premium з ягням в соусі для дорослих собак малих порід 100г,,,,,,,14 грн,https://masterzoo.ua/ua/vologiy-korm-dlya-doroslikh-sobak-malikh-porid-club-4-paws-premium-pouch-100-g-yagnya/?q=корм клуб 4 лапи premium ягням соусі дорослих собак малих порід 100г
30326,7613033728747,Корм Purina Gourmet Gold Паштет Кролик для котів з/б 85г,,,,,,,,
16707,4820083908873,Корм Клуб 4 Лапи Вологі Преміум лосось в желе для дорослих котів 100г,,,,,,,14 грн,https://masterzoo.ua/ua/volohyi-korm-dlia-kotiv-club-4-paws-pouch-100-h-krolyk/?q=корм клуб 4 лапи вологі преміум лосось желе дорослих котів 100г
64245,"4820239450041,4820269060029","Наповнювач Мафін Преміум стандарт 4,5л", 184.00 грн,https://silpo.ua/product/napovniuvach-gigiienichnyi-mafin-premium-standart-960304,152.90 грн,https://varus.ua/napovnyuvach-mafin-premium-standart-bentonitovij-45-l,,,,
75233,7613036257633,Корм Purina One DualNature Spirulina з куркою сухий для дорослих котів 750г,,,,,,,,
75320,4017721824781,Корм Animonda GranCarno Adult з яловичиною і дичиною дорослих для собак з/б 400г,,,,,,,,
63517,7613035468047,Корм Purina One Bifensis Indoor Formula Індичка для котів що мешкають у приміщенні 800г,,,,,,,,
75620,4820255192413,Корм М’ясна Миска з птицею шматочки в соусі для котів 100г,,,,,,,,
3163,5900951302077,Корм Whiskas Індичка в соусі 85г, 18.40 грн,https://silpo.ua/product/korm-dlia-kotiv-whiskas-z-indychkoiu-v-sousi-920438,17.20 грн,https://varus.ua/korm-dlya-koshek-whiskas-indejka-v-souse-85g,17.80грн,https://www.atbmarket.com/product/korm-85-g-whiskas-konservi-dla-doroslih-kotiv-z-indickou-u-sousi-mup,17 грн,https://masterzoo.ua/ua/volohyi-korm-dlia-kotiv-whiskas-tastymix-pouch-85-h-yahnia-ta-indychka/?q=корм whiskas індичка соусі 85г
16711,4820083909252,Корм Клуб 4 Лапи Сухі Преміум сухий для стерилізованих котів 300г,,,,,,,,
75586,4017721826204,Корм Animonda Vom Feinsten Junior з яловичиною і птицею вологий для цуценят 150г,,,,,,,79 грн,https://masterzoo.ua/ua/vologiy-korm-dlya-tsutsenyat-animonda-vom-feinsten-junior-with-beef-poultry-150-g-yalovichina-i-ptitsya/?q=корм animonda vom feinsten junior яловичиною птицею вологий цуценят 150г
16721,4820083902819,Корм Мяу Рагу з кроликом та індичкою для дорослих котів 100г,,,,,,,,
65974,4011905359335,Іграшка Trixie Вівця для собак 21см шт 35933,,,,,,,,
70852,5900951302152,Корм Whiskas Junior Курка в желе 85г, 18.40 грн,https://silpo.ua/product/korm-dlia-kotiv-whiskas-z-kurkoiu-v-zhele-920436,17.20 грн,https://varus.ua/korm-dlya-koshek-whiskas-kuritsa-v-zhele-85g,,,,
16716,4820083902826,Корм Мяу Желе з Телятиною та овочами для дорослих котів 100г,,,,,,,,
12959,"5900951014031,5998749144114",Корм Whiskas Яловичина 300г,,,,,,,,
16696,4820083900013,"Корм Гав! М’ясне асорті сухий для дорослих собак 0,5кг",,,,,,,,
16718,4820083901577,Корм Мяу Кролик в ніжному соусі для дорослих котів 100г,,,,https://varus.ua/korm-konservirovannyy-dlya-doroslih-kotiv-z-krolikom-u-nizhnomu-sousi-myau-mu-100g,96.40грн,https://www.atbmarket.com/product/korm-09-kg-mau-suhij-dla-doroslih-kotiv-masnij-mup,,
30324,7613033728778,Корм Purina Gourmet Gold Террін Качка-морква-шпинат для котів з/б 85г,,,,,,,,
55244,4820157404164,"Наповнювач Природа Sani Pet Універсальний деревинний 2,5кг", 117.00 грн,https://silpo.ua/product/napovniuvach-pryroda-sanipet-universalnyi-lymon-774549,,,,,67 грн,"https://masterzoo.ua/ua/gigienicheskiy-napolnitel-priroda-sani-pet-universalnyy-25-kg-drevesnyy/?q=наповнювач природа sani pet універсальний деревинний 2,5кг"
12999,4008429037986,Корм Dreamies З сиром сухий для дорослих котів 60г,,,,,,,,
66345,4820215364270,Корм Клуб 4 Лапи Преміум Ягня в соусі для котів 100г,,,,,,,14 грн,https://masterzoo.ua/ua/vologiy-korm-dlya-kotiv-club-4-paws-premium-100-g-yagnya/?q=корм клуб 4 лапи преміум ягня соусі котів 100г
6535,5900951302015,Корм Whiskas Домашня птиця в соусі 85г, 18.40 грн,https://silpo.ua/product/korm-dlia-kotiv-whiskas-z-domashnoiu-ptytseiu-v-sousi-920439,14.90 грн,https://varus.ua/korm-dlya-koshek-whiskas-domashnyaya-ptitsa-v-souse-85g,,,17 грн,https://masterzoo.ua/ua/volohyi-korm-dlia-kotiv-whiskas-pouch-85-h-domashnia-ptytsia/?q=корм whiskas домашня птиця соусі 85г
31086,4820269140783,Корм Optimeal Набір №4 для дорослих котів 3+1 340г,,,,https://varus.ua/korm-optimeal-suhoj-s-kuritsej-dlya-vzroslyh-koshek-10-kg,,,,
12985,4770608257187,Корм Sheba Select Slice Океанічна риба в соусі для котів 85г,,,,,25.50грн,https://www.atbmarket.com/product/korm-85g-sheba-z-okeanicnou-ribou-v-sousi,21 грн,https://masterzoo.ua/ua/volohyi-korm-dlia-kotiv-sheba-select-slices-pouch-85-h-okeanichna-ryba/?q=корм sheba select slice океанічна риба соусі котів 85г
27864,4820261920017,Наповнювач Essence Tofu Зелений чай для котячого туалету 3мм 6л,,,,,,,318 грн,https://masterzoo.ua/ua/napovnuvach-dlya-kotyachogo-tualetu-essence-z-aromatom-zelenogo-chau-6-l-tofu/?q=наповнювач essence tofu зелений чай котячого туалету 3мм 6л
55369,4011905427232,Снек Trixie Premio Stick Quintett ягня-індичка для котів 5шт,,,,,,,,
55365,4011905031729,Снек Trixie Stripes Light з яловичиною для собак 100г, 59.99 грн,https://silpo.ua/product/lasoshchi-dlia-sobak-trixie-stripes-light-z-ialovychynoiu-774547,,,,,55 грн,https://masterzoo.ua/ua/lakomstvo-dlya-sobak-trixie-stripes-light-100-g-govyadina/?q=снек trixie stripes light яловичиною собак 100г
4264,4820215369626,Корм Optimeal Adult Dogs Яловичина та журавлина в желе 100г,,,,https://varus.ua/korm-dlya-sobak-optimeal-z-yalovichinoyu-ta-zhuravlinoyu-u-zhele-100-g,,,,
64377,7613039832516,Корм Felix Fantastic Індичка в желе для котів 85г, 15.99 грн,https://silpo.ua/product/korm-dlia-kotiv-felix-fantastic-z-indychkoiu-v-zhele-878790,,,,,20 грн,https://masterzoo.ua/ua/vologiy-korm-dlya-kotiv-felix-fantastic-85-g-indichka/?q=корм felix fantastic індичка желе котів 85г
70853,5900951301957,Корм Whiskas Junior Яловичина в соусі 85г, 18.40 грн,https://silpo.ua/product/korm-dlia-kotiv-whiskas-z-ialovychynoiu-v-sousi-920443,14.90 грн,https://varus.ua/korm-dlya-koshek-whiskas-govyadina-v-souse-85g,,,,
12990,4770608257231,Корм Sheba Fine Flakes Індичка в желе для котів 85г,,,,,,,21 грн,https://masterzoo.ua/ua/volohyi-korm-dlia-kotiv-sheba-fine-flakes-pouch-85-h-indychka/?q=корм sheba fine flakes індичка желе котів 85г
31090,4820269140820,Корм Optimeal Набір №6 для стерилізованих котів 3+1 340г,,,,,,,,
16717,4820083901591,Корм Мяу Індичка в ніжному соусі для дорослих котів 100г,,,,https://varus.ua/korm-dlya-kotiv-z-indichkoyu-u-nizhnomu-sousi-m-yaka-upakovka-myau-100g,96.40грн,https://www.atbmarket.com/product/korm-09-kg-mau-suhij-dla-doroslih-kotiv-masnij-mup,,
16710,4820083909528,Корм Клуб 4 Лапи Сухі Преміум сухий для малих пород собак 400г,,,,,,,62 грн,https://masterzoo.ua/ua/sukhiy-korm-dlya-sobak-malikh-porid-club-4-paws-premium-400-g-kurka/?q=корм клуб 4 лапи сухі преміум сухий малих пород собак 400г
55368,4011905427256,Снек Trixie Premio Stick Quintett лосось-форель для котів 5шт,,,,,,,,
12986,4770608257279,Корм Sheba Select Slice Лосось в соусі для котів 85г,,,,,,,21 грн,https://masterzoo.ua/ua/volohyi-korm-dlia-kotiv-sheba-select-slices-pouch-85-h-losos/?q=корм sheba select slice лосось соусі котів 85г
68171,"7613035335325,8445290071880,8445290071972",Корм Purina One Bifensis Adult Курка та злаки для дорослих котів 450г,,,244.90 грн,https://varus.ua/korm-suhoj-purina-one-s-kuritsej-i-tselnymi-zlakami-dlya-vzroslyh-koshek-800-g,,,,
27815,4841046001400,Наповнювач Forest Cat вівсяний для котів 3кг,,,,,,,89 грн,https://masterzoo.ua/ua/napovnuvach-dlya-kotyachogo-tualetu-forest-cat-oat-organic-pellet-3-kg-vivsyaniy/?q=наповнювач forest cat вівсяний котів 3кг
75333,4011905457888,Іграшка Trixie Миша плюшева з пищалкою сіра для котів 15см 45788, 69.99 грн,https://silpo.ua/product/igrashka-dlia-kotiv-trixie-mysha-pliusheva-z-pyshchalkoiu-9-sm-933890,,,,,,
13006,9003579302552,Корм Pedigree Markies Original для собак 150г,,,,https://varus.ua/pedigri-lacoschi-markiz-d-doroslih-sobak-150g,,,,
30331,"7613033580130,8445291188099",Корм Purina Gourmet Perle Duo Океанічна риба-тунець для котів 85г,,,,,,,,
55354,4011905427010,Снек Trixie Premio Chicken Filet Bites Курка для котів 50г,,,,,,,,
63483,7613036705134,Корм Purina Gourmet Gold Соус з яловичиною для котів з/б 85г,,,,,,,,
30329,7613031381050,Корм Purina Gourmet Gold Подвійне Задоволення Качка-індичка для котів з/б 85г,,,,,,,,
63958,7613035442474,Корм Purina Gourmet Gold Ніжні биточки з яловичиною та томатом для котів з/б 85г,,,,,,,,
16697,4820083908934,Корм Клуб 4 Лапи Вологі Преміум консер. для дорослих стерилізов. котів 80г,,,,,,,,
55366,4011905031569,Снек Trixie Stripes Light з м’ясом птиці для собак 100г,,,,,,,,
55291,8595602506026,Корм Brit Premium Chicken Chunks для кошенят 100г,,,,,,,32 грн,https://masterzoo.ua/ua/vlazhnyy-korm-dlya-kotyat-brit-premium-cat-chicken-chunks-for-kitten-pouch-100-g-kusochki-kuritsy/?q=корм brit premium chicken chunks кошенят 100г
75309,8595602553167,"Корм Brit Premium Sterilised з ягням сухий для стерилізованих котів 1,5кг",,,,https://varus.ua/korm-dlya-kotiv-brit-premium-sterilized-z-yagnyam-dlya-sterilizovanih-300-g,,,409 грн,"https://masterzoo.ua/ua/sukhiy-korm-dlya-sterilizovanikh-kotiv-brit-premium-by-nature-cat-sterilized-lamb-15-kg-yagnya/?q=корм brit premium sterilised ягням сухий стерилізованих котів 1,5кг"
16686,4820083905452,Корм Optimeal + для кошенят з куркою 85г, 21.99 грн,https://silpo.ua/product/korm-dlia-kosheniat-optimeal-z-kurkoiu-557533,,,,,31 грн,https://masterzoo.ua/ua/vologiy-korm-dlya-koshenyat-optimeal-85-g-kurka/?q=корм optimeal кошенят куркою 85г
16722,4820083901829,Корм Мяу Риба в ніжному соусі для дорослих котів 100г,,,,https://varus.ua/korm-konservovaniy-dlya-doroslih-kotiv-z-riboyu-v-nizhnomu-sousi-myau-mu-100g,96.40грн,https://www.atbmarket.com/product/korm-09-kg-mau-suhij-dla-doroslih-kotiv-masnij-mup,,
70854,4770608262433,Корм Whiskas Tasty Mix Ягня-курка-морква 85г,,,13.90 грн,https://varus.ua/korm-dlya-koshek-whiskas-tastymix-yagnenok-kuritsa-morkov-85g,,,17 грн,https://masterzoo.ua/ua/volohyi-korm-dlia-kotiv-whiskas-tastymix-pouch-85-h-asorti/?q=корм whiskas tasty mix ягня-курка-морква 85г
75583,4017721826600,Корм Animonda Vom Feinsten Adult з олениною вологий для дорослих собак 150г,,,,,,,79 грн,https://masterzoo.ua/ua/vologiy-korm-dlya-sobak-animonda-vom-feinsten-adult-with-deer-150-g-olenina/?q=корм animonda vom feinsten adult олениною вологий дорослих собак 150г
4263,4820215369725,Корм Optimeal Adult Dogs Лосось та лохина в соусі 100г,,,,,,,,
62589,7613039788097,Корм Felix Fantastic Курка для котів 85г,,,,,,,20 грн,https://masterzoo.ua/ua/vologiy-korm-dlya-kotiv-felix-fantastic-85-g/18774/?q=корм felix fantastic курка котів 85г
65988,4011905348483,Іграшка Trixie Кістка для собак 11см шт 34848,,,,,,,,
62592,"8595602538553,8595602561803",Корм Brit Premium Nature Junior Turkey With Liver для собак з/б 400г, 117.00 грн,https://silpo.ua/product/korm-dlia-sobak-brit-premium-nature-turkey-with-liver-932662,,,,,,
75313,8595602526581,Корм Brit Premium Light з індичкою сухий для собак з надмірною вагою 3кг,,,,,,,562 грн,https://masterzoo.ua/ua/sukhyi-korm-dlia-sobak-brit-premium-dog-light-3-kh-indychka/?q=корм brit premium light індичкою сухий собак надмірною вагою 3кг
64724,"4820239450065,4820269060012","Наповнювач Мафін Преміум дрібний 4,5л", 184.00 грн,https://silpo.ua/product/napovniuvach-gigiienichnyi-mafin-premium-velykyi-960303,152.90 грн,https://varus.ua/napovnyuvach-mafin-premium-standart-bentonitovij-45-l,,,,
75362,4820215365222,Корм Мяу Яловичина в ніжному соусі для дорослих котів 100г,,,,,96.40грн,https://www.atbmarket.com/product/korm-09-kg-mau-suhij-dla-doroslih-kotiv-masnij-mup,,
75607,4820275780164,Ласощі Дике Дитя Паличка з качиної та вибіленої шкіри для собак 100г,,,,,,,,
62817,7613039841617,Корм Felix Fantastic Форель та зелені боби в желе для котів 85г,,,,,,,20 грн,https://masterzoo.ua/ua/vologiy-korm-dlya-kotiv-felix-fantastic-85-g/18771/?q=корм felix fantastic форель зелені боби желе котів 85г
30327,7613032618674,Корм Purina Gourmet Gold Шматочки Лосось-курка у підливці для котів з/б 85г,,,,,,,,
71382,4011905228433,Пакети Trixie для контейнерів для прибирання M 20шт,,,,,,,309 грн,https://masterzoo.ua/ua/dispenser-trixie-dlya-paketiv-dlya-fekaliy-zi-shtuchnou-shkirou-1-upakovka-20-paketiv/?q=пакети trixie контейнерів прибирання m 20шт
12955,"5900951263187,5900951303333",Корм Whiskas AMMP курка в желе 85г, 18.40 грн,https://silpo.ua/product/korm-dlia-kotiv-whiskas-z-kurkoiu-v-zhele-920436,17.20 грн,https://varus.ua/korm-dlya-koshek-whiskas-kuritsa-v-zhele-85g,17.80грн,https://www.atbmarket.com/product/korm-85g-whiskas-konservi-dla-doroslih-kotiv-z-kurkou-u-zele-pauc-mup,,
55355,4011905427027,Снек Trixie Premio Курка-минтай для котів 50г,,,,,,,,
12956,5900951263194,Корм Whiskas AMMP ялов. в желе 85г,,,,,,,,
70855,4770608262440,Корм Whiskas Tasty Mix Ягня та індичка 85г,,,14.90 грн,https://varus.ua/korm-dlya-koshek-whiskas-tastymix-yagnenok-indejka-85g,,,17 грн,https://masterzoo.ua/ua/volohyi-korm-dlia-kotiv-whiskas-tastymix-pouch-85-h-yahnia-ta-indychka/?q=корм whiskas tasty mix ягня індичка 85г
65993,4011905250502,Миска Trixie Pets Home керамічна для собак d12см шт 25050,,,,,,,,
65977,4011905357812,Іграшка Trixie Канат плетений у формі тварини для собак 28см шт 3578,,,,,,,389 грн,https://masterzoo.ua/ua/igrushka-dlya-sobak-trixie-kanat-pletenyy-v-forme-zhivotnogo-28-sm-tekstil-igrushki-v-assortimente/?q=іграшка trixie канат плетений формі тварини собак 28см шт 3578
75289,4820083905742,Корм Мяу з м’ясом сухий для дорослих котів 900г,,,,,96.40грн,https://www.atbmarket.com/product/korm-09-kg-mau-suhij-dla-doroslih-kotiv-masnij-mup,,
30332,"7613033580024,8445291187719",Корм Purina Gourmet Perle Duo Телятина-качка для котів 85г,,,,,,,,
66344,4820215364409,Корм Клуб 4 Лапи Преміум Яловичина в желе для котів 100г,,,,,,,14 грн,https://masterzoo.ua/ua/vologiy-korm-dlya-kotiv-club-4-paws-premium-100-g-yalovichina/?q=корм клуб 4 лапи преміум яловичина желе котів 100г
16709,4820083909795,Корм Клуб 4 Лапи Преміум з куркою сухий для котів 300г,,,,,,,65 грн,https://masterzoo.ua/ua/sukhiy-korm-dlya-koshenyat-klub-4-lapi-premium-300-g-kurka/?q=корм клуб 4 лапи преміум куркою сухий котів 300г
75319,4017721824842,Корм Animonda GranCarno Adult з яловичиною олениною і яблуком для дорослих собак з/б 800г,,,,,,,,
75238,7613038224466,Корм Purina One з лососем та морквою в соусі для кошенят 85г,,,,,,,,
66316,4820255190204,Корм Carnie Паштет з яловичини зі шматочками м’ясний для дорослих собак з/б 800г,,,,,,,,
54299,4823082431878,Снек Half&Half Kitten Індичка для котів 5г,,,,,,,,
55358,4011905315331,Снек Trixie Premio Chicken Bites Курка для собак 100г,,,,,,,125 грн,https://masterzoo.ua/ua/lakomstvo-dlya-sobak-trixie-premio-chicken-bites-100-g-kuritsa/?q=снек trixie premio chicken bites курка собак 100г
16705,4820083908897,Корм Клуб 4 Лапи Вологі Преміум курка в желе для цуценят 100г,,,,,,,14 грн,https://masterzoo.ua/ua/vologiy-korm-dlya-sobak-club-4-paws-premium-pouch-100-g-kurka/?q=корм клуб 4 лапи вологі преміум курка желе цуценят 100г
13000,5900951017247,Корм Pedigree Junior з куркою в желе для цуценят 100г,,,,,,,,
75290,4820083905759,Корм Мяу з кроликом сухий для дорослих котів 2кг,,,,,96.40грн,https://www.atbmarket.com/product/korm-09-kg-mau-suhij-dla-doroslih-kotiv-masnij-mup,233 грн,https://masterzoo.ua/ua/sukhiy-korm-dlya-kotiv-myau-2-kg-krolik/?q=корм мяу кроликом сухий дорослих котів 2кг
13008,4008429090110,Корм Pedigree Rodeo з яловичиною для собак 70г,,,,,,,,
4261,4820215369619,Корм Optimeal Puppy Індичка та морква в соусі 100г, 21.99 грн,https://silpo.ua/product/korm-dlia-tsutseniat-optimeal-indychka-morkva-v-sousi-927546,,https://varus.ua/korm-dlya-cucenyat-optimeal-z-indichkoyu-ta-morkvoyu-u-sousi-100-g,,,32 грн,https://masterzoo.ua/ua/vologiy-korm-dlya-tsutsenyat-optimeal-pouch-100-g-indichka-ta-morkva-v-sousi/?q=корм optimeal puppy індичка морква соусі 100г
27499,4823082435593,Ласощі Природа Лапи курячі натуральні сушені для собак 100г,,,,,,,59 грн,https://masterzoo.ua/ua/lasoshchi-dlya-sobak-priroda-lapi-kuryachi-susheni-100-g/?q=ласощі природа лапи курячі натуральні сушені собак 100г
65987,4011905329444,Іграшка Trixie Катушка Denta Fun Mintfresh 15см шт 32944,,,,,,,,
14695,,Корм Клуб 4 Лапи Premium з індичкою в соусі для цуценят 100г,,,17.50 грн,https://varus.ua/korm-konservovaniy-dlya-cucenyat-z-indichkoyu-v-sousi-premium-club-4-paws-dp-100g,,,18 грн,https://masterzoo.ua/ua/vologiy-korm-dlya-sobak-club-4-paws-premium-selection-pouch-85-g-kachka-ta-indichka/?q=корм клуб 4 лапи premium індичкою соусі цуценят 100г
16723,4820083901560,Корм Мяу Телятина в ніжному соусі для дорослих котів 100г,,,,https://varus.ua/korm-konservirovannyy-dlya-doroslih-kotiv-z-telyatinoyu-v-nizhnomu-sousi-myau-mu-100g,96.40грн,https://www.atbmarket.com/product/korm-09-kg-mau-suhij-dla-doroslih-kotiv-masnij-mup,,
58756,7613039836026,Корм Felix Sensations Sauces Лосось в соусі з креветок для котів 85г,,,,,,,20 грн,https://masterzoo.ua/ua/vologiy-korm-dlya-kotiv-felix-sensations-sauces-85-g/?q=корм felix sensations sauces лосось соусі креветок котів 85г
30330,7613031381081,Корм Purina Gourmet Gold Подвійне Задоволення Кролик-печінка для котів з/б 85г,,,,,,,,
66313,4820255190198,Корм Carnie Паштет з яловичини м'ясний для собак з/б 185г,,,,,,,,
54961,4820261920765,Корм Half&Half Large Breed Яловичина для собак 2кг,,,,,,,344 грн,https://masterzoo.ua/ua/sukhiy-korm-dlya-sobak-halfhalf-large-breed-2-kg-yalovichina/?q=корм half&half large breed яловичина собак 2кг
75295,4820083909412,Корм Клуб 4 Лапи Premium Indoor 4 in 1 сухий для дорослих котів 900г,,,,,,,,
70856,4770608262457,Корм Whiskas Tasty Mix Лосось та морква 85г,,,14.90 грн,https://varus.ua/korm-dlya-koshek-whiskas-tastymix-losos-morkov-85g,,,17 грн,https://masterzoo.ua/ua/volohyi-korm-dlia-kotiv-whiskas-tastymix-pouch-85-h-losos-ta-morkva/?q=корм whiskas tasty mix лосось морква 85г
75584,4017721823357,Корм Animonda Vom Feinsten Adult з з куркою і кроликом вологий для дорослих собак 150г,,,,,,,84 грн,https://masterzoo.ua/ua/vologiy-korm-dlya-sobak-animonda-vom-feinsten-adult-with-chicken-rabbit-150-g-kurka-i-krolik/?q=корм animonda vom feinsten adult куркою кроликом вологий дорослих собак 150г
31051,8445290571625,Корм Felix Soup з яловичиною для дорослих котів 48г,,,,,,,16 грн,https://masterzoo.ua/ua/vologiy-korm-dlya-kotiv-felix-soup-pouch-48-g-yalovichina/?q=корм felix soup яловичиною дорослих котів 48г
55373,4011905029146,Шампунь Trixie Color для собак 250мл,,,,,,,,
27868,4820261920048,Наповнювач Essence Tofu з вугіллям для котячого туалету 1-4мм 6л,,,,,,,318 грн,https://masterzoo.ua/ua/napovnuvach-dlya-kotyachogo-tualetu-essence-z-vugillyam-6-l-tofu/?q=наповнювач essence tofu вугіллям котячого туалету 1-4мм 6л
4262,4820215369855,Корм Optimeal Adult Dogs Кролик та чорниця в соусі 100г,,,,https://varus.ua/korm-dlya-sobak-optimeal-z-krolikom-ta-chorniceyu-u-sousi-100-g,,,,
12962,"5900951014093,5900951304255",Корм Whiskas Тунець для дорослих котів 300г, 83.99 грн,https://silpo.ua/product/korm-whiskas-z-tuntsem-dlia-doroslykh-kotiv-593189,,,17.80грн,https://www.atbmarket.com/product/kopm-85-g-whiskas-konsepvi-dla-doposlih-kotiv-z-tuncem-pauc-mup,,
12961,"5900951014086,5900951305719",Корм Whiskas з ягням 300г,,,86.00 грн,https://varus.ua/korm-dlya-kotiv-c-yagnyam-whiskas-m-u-300g,,,,
12960,"5900951014055,5998749144039",Корм Whiskas з куркою 300г, 92.99 грн,https://silpo.ua/product/korm-whiskas-z-kurkoiu-dlia-doroslykh-kotiv-593186,86.00 грн,https://varus.ua/korm-dlya-kotiv-z-kuryatinoyu-whiskas-300g,,,,
55245,4820157404157,Наповнювач Природа Sani Pet Універсальний деревинний 5кг, 117.00 грн,https://silpo.ua/product/napovniuvach-pryroda-sanipet-universalnyi-lymon-774549,,,,,119 грн,https://masterzoo.ua/ua/gigienicheskiy-napolnitel-priroda-sani-pet-universalnyy-5-kg-drevesnyy/?q=наповнювач природа sani pet універсальний деревинний 5кг
75357,7613035442245,Корм Purina Gourmet Gold Ніжні биточки з індичкою та шпинатом для котів з/б 85г,,,,,,,,
62597,"8595602534425,8595602560325",Корм Brit Care Mini Chicken & Tuna Adult для собак 85г, 47.99 грн,https://silpo.ua/product/korm-dlia-sobak-brit-care-mini-chicken-tuna-932690,,,,,,
58752,7613039838624,Корм Felix Fantastic Яловичина для котів 85г,,,,,17.90грн,https://www.atbmarket.com/product/korm-85g-felix-konservi-dla-kotiv-z-krolikom,20 грн,https://masterzoo.ua/ua/vologiy-korm-dlya-kotiv-felix-fantastic-85-g/?q=корм felix fantastic яловичина котів 85г
75312,8595602526345,Корм Brit Premium Adult M з куркою сухий для дорослих собак середніх порід 1кг,,,,,,,850 грн,https://masterzoo.ua/ua/sukhiy-korm-dlya-sobak-brit-care-dog-hypoallergenic-adult-medium-breed-3-kg-yagnya/?q=корм brit premium adult m куркою сухий дорослих собак середніх порід 1кг
75614,4820255192161,Корм М’ясна Миска з телятиною шматочки в соусі для дорослих котів з/б 415г,,,,,,,,
8931,4820261920864,Корм Half&Half Kitten Friskies Індичка в желе для котів 100г,,,,,,,,
12997,4008429037894,Корм Dreamies З куркою сухий для дорослих котів 60г,,,,,,,,
55246,4823082402663,"Наповнювач Природа Sani Pet Силікагелевий 3,8л", 294.00 грн,https://silpo.ua/product/napovniuvach-pryroda-sanipet-sylikogelevyi-774556,,https://varus.ua/napovnyuvach-priroda-sani-pet-silikagelevij-dlya-kotiv-5-l,,,207 грн,"https://masterzoo.ua/ua/napovnuvach-dlya-kotyachogo-tualetu-priroda-sani-pet-38-l-silikageleviy/?q=наповнювач природа sani pet силікагелевий 3,8л"
12992,"3065890096844,4770608261672,4770608264406",Корм Sheba Fine Flakes у соусі з яловичиною 85г, 28.39 грн,https://silpo.ua/product/korm-dlia-kotiv-sheba-fine-flakes-z-ialovychynoiu-u-sousi-912849,,,,,,
31050,"8445290571243,8445290571670",Корм Felix Soup з куркою для дорослих котів 48г,,,,,,,13 грн,https://masterzoo.ua/ua/vologiy-korm-dlya-kishok-felix-soup-pouch-48-g-kurka/?q=корм felix soup куркою дорослих котів 48г
30325,7613033706271,Корм Purina Gourmet Gold Террін Кролик для котів з/б 85г,,,,,,,,
58753,7613039832189,Корм Felix Fantastic Junior Курка для котів 85г, 15.99 грн,https://silpo.ua/product/korm-dlia-kotiv-felix-fantastic-junior-z-kurkoiu-v-zhele-878797,,,,,20 грн,https://masterzoo.ua/ua/vologiy-korm-dlya-koshenyat-felix-fantastic-85-g-kurka/?q=корм felix fantastic junior курка котів 85г
55367,4011905427249,Снек Trixie Premio Stick Quintett домашня птиця для котів 5шт,,,,,,,,
58754,7613039831724,Корм Felix Sensations Jellies Яловичина з томатами в желе для котів 85г,,,,,,,20 грн,https://masterzoo.ua/ua/vologiy-korm-dlya-kotiv-felix-sensations-jellies-85-g/?q=корм felix sensations jellies яловичина томатами желе котів 85г
55292,8595602506019,Корм Brit Premium Chicken & Turkey для котів 100г,,,,,,,32 грн,https://masterzoo.ua/ua/vlazhnyy-korm-dlya-koshek-brit-premium-cat-chicken-turkey-pouch-100-g-kuritsa-i-indeyka/?q=корм brit premium chicken turkey котів 100г
6205,7613036962292,Корм Friskies Junior Курка в соусі для котів 85г,,,,,,,14 грн,https://masterzoo.ua/ua/vologiy-korm-pauch-dlya-kotiv-friskies-pouch-85g-kurka/?q=корм friskies junior курка соусі котів 85г
75307,8595602553174,"Корм Brit Premium Sterilised з лососем сухий для стерилізованих котів 1,5кг",,,,https://varus.ua/korm-dlya-kotiv-brit-premium-sterilized-z-yagnyam-dlya-sterilizovanih-300-g,,,409 грн,"https://masterzoo.ua/ua/sukhiy-korm-dlya-sterilizovanikh-kotiv-brit-premium-by-nature-cat-sterilized-salmon-15-kg-losos/?q=корм brit premium sterilised лососем сухий стерилізованих котів 1,5кг"
58750,7613039835500,Корм Felix Fantastic Кролик для котів 85г,,,,,17.90грн,https://www.atbmarket.com/product/korm-85-g-felix-konservi-dla-kotiv-z-kurkou,20 грн,https://masterzoo.ua/ua/vologiy-korm-dlya-kotiv-felix-fantastic-85-g-krolik/?q=корм felix fantastic кролик котів 85г
63482,7613035442207,Корм Purina Gourmet Gold Курка-морква для котів з/б 85г,,,,,,,,
30333,"7613033574702,8445291187931",Корм Purina Gourmet Perle Duo Курка-яловичина для котів 85г,,,,,,,,
55249,4823082403400,Десерт Природа Яловичина-бекон для собак 100г,,,,https://varus.ua/desert-dlya-sobak-yalovichina-bekon-priroda-550gr,,,40 грн,https://masterzoo.ua/ua/lakomstvo-dlya-sobak-priroda-desert-govyadina-bekon-100-g/?q=десерт природа яловичина-бекон собак 100г
55251,4823082403431,Десерт Природа Мікс для собак 100г,,,,https://varus.ua/desert-dlya-sobak-miks-priroda-100g,,,40 грн,https://masterzoo.ua/ua/lakomstvo-dlya-sobak-priroda-desert-miks-100-g/?q=десерт природа мікс собак 100г
4761,5900951307324,Корм Kitekat Кролик в соусі для котів 85г,,,14.90 грн,https://varus.ua/korm-vlazhnyj-kitekat-s-krolikom-v-souse-dlya-vzroslyh-koshek-85g,,,,
65986,4011905032993,Іграшка Trixie Denta Fun М’яч на мотузці 7см шт 3299,,,,,,,,
69346,4047974457429,Іграшка Trixie Паличка с рибкою плюшева для котів 42см 45742,,,,,,,,
75612,4820255192185,Корм М’ясна Миска з індичкою шматочки в соусі для дорослих котів з/б 415г,,,,,,,,
75237,7613038255903,Корм Purina One з тунцем та зеленою квасолею в соусі для дорослих котів 85г,,,,,,,,
16713,4820083902659,Корм Мяу Кролик в ніжному соусі для дорослих котів 415г,,,,,96.40грн,https://www.atbmarket.com/product/korm-09-kg-mau-suhij-dla-doroslih-kotiv-masnij-mup,,
55356,4011905427348,Снек Trixie Premio Tuna Bites Тунець для котів 50г,,,,,,,,
75302,8595602548446,Корм Brit Premium Sterilised з ягням вологий для стерилізованих котів 100г,,,,https://varus.ua/korm-dlya-kotiv-brit-premium-sterilized-z-yagnyam-dlya-sterilizovanih-300-g,,,439 грн,https://masterzoo.ua/ua/korm-vologiy-brit-premium-delicate-fillets-in-gravy-family-plate-sterilised-d-sterilizovanikh-kotiv-simeyna-tarilka-v-sousi-12-sht-x-85-g/?q=корм brit premium sterilised ягням вологий стерилізованих котів 100г
54301,4823082431892,Снек Half&Half Adult Качка для котів 5г,,,,,,,,
75335,8595602520145,Корм Brit Care Grain Free Mini Puppy з ягням сухий для цуценят та молодих собак мініатюрних порід 400г,,,,,,,,
63536,8595602553006,Корм Brit Premium Sterilised з ягням сухий для стерилізованих котів 300г,,,,https://varus.ua/korm-dlya-kotiv-brit-premium-sterilized-z-yagnyam-dlya-sterilizovanih-300-g,,,131 грн,https://masterzoo.ua/ua/sukhiy-korm-dlya-kotiv-brit-premium-by-nature-cat-sterilized-300-g-yagnya/?q=корм brit premium sterilised ягням сухий стерилізованих котів 300г
58758,7613287027597,Корм Felix Duo Яловичина з птицею в желе для котів 85г, 15.99 грн,https://silpo.ua/product/korm-dlia-kotiv-felix-duo-z-ialovychynoiu-i-ptytseiu-v-zhele-878802,,,17.90грн,https://www.atbmarket.com/product/korm-85-g-felix-konservi-dla-kotiv-z-alovicinou-ta-pticeu-v-zele-pauc,20 грн,https://masterzoo.ua/ua/vologiy-korm-dlya-kotiv-felix-fantastic-duo-85-g/?q=корм felix duo яловичина птицею желе котів 85г
63331,"7613034119865,7613287631459",Корм Felix Party Mix Original Mix для котів 60г,,,,,,,,
30353,7613036965262,Корм Friskies Курка у соусі для котів 85г,,,,,46.50грн,https://www.atbmarket.com/product/korm-300g-friskies-suhij-kurka-z-ovocami,14 грн,https://masterzoo.ua/ua/vologiy-korm-pauch-dlya-kotiv-friskies-pouch-85g-kurka/?q=корм friskies курка соусі котів 85г
75601,7798182081674,Закуска Dr. Zoo Tiritas зі смаком креветок для котів 40г,,,,,,,,
62599,"8595602534449,8595602560349",Корм Brit Care Mini Salmon & Herring Sterilised для собак 85г,,,,,,,,
64723,"4820239450058,4820269060036","Наповнювач Мафін Преміум великий 4,5л", 184.00 грн,https://silpo.ua/product/napovniuvach-gigiienichnyi-mafin-premium-velykyi-960303,152.90 грн,https://varus.ua/napovnyuvach-mafin-premium-velikij-bentonitovij-45-l,,,,
62598,"8595602534432,8595602560332",Корм Brit Care Mini Rabbit & Salmon Adult для собак 85г, 69.99 грн,https://silpo.ua/product/korm-dlia-sobak-brit-care-mini-rabbit-salmon-932741,,,,,,
75321,4017721824743,Корм Animonda GranCarno Junior з яловичиною і індичкою для цуценят з/б 400г,,,,,,,,
75329,6970115700475,Іграшка Eastland Черевик з піщалкою вініл рожевий для собак 11см 520-244,,,,,,,,
12998,4008429037962,Корм Dreamies Зі смаком лосося сухий для дорослих котів 60г,,,,,,,,
55294,8595602506002,Корм Brit Premium Cod Fish для котів 100г,,,,,,,32 грн,https://masterzoo.ua/ua/vlazhnyy-korm-dlya-koshek-brit-premium-cat-cod-fish-pouch-100-g-treska/?q=корм brit premium cod fish котів 100г
27117,4823082435838,Ласощі Природа Пеніс яловичий натуральні сушені для собак 100г,,,,,,,242 грн,https://masterzoo.ua/ua/lasoshchi-dlya-sobak-priroda-penis-yalovichiy-susheniy-100-g/?q=ласощі природа пеніс яловичий натуральні сушені собак 100г
30352,7613036962278,Корм Friskies Качка у підливці для котів 85г,,,,,14.70грн,https://www.atbmarket.com/product/korm-85g-friskies-dla-kosenat-z-kurkou-u-pidlivci,,
30334,7613033580000,Корм Purina Gourmet Perle Лосось-сайда для котів 85г,,,,,,,,
7533,4820261920550,Снек Yalute Salmon & Vegetable in Heart Shape Лосось-овочі для собак 100г,,,,,,,,
30350,7613031868063,Корм Friskies з лососем та овочами для котів 300г, 239.00 грн,https://silpo.ua/product/korm-dlia-kotiv-friskies-z-lososem-ta-ovochamy-558288,,,46.50грн,https://www.atbmarket.com/product/korm-300g-friskies-suhij-kurka-z-ovocami,,
75297,4820269140202,Корм Клуб 4 Лапи Premium з кроликом сухий для дорослих кішок 300г,,,,,,,323 грн,https://masterzoo.ua/ua/sukhiy-korm-dlya-kotiv-club-4-paws-premium-2-kg-krolik/?q=корм клуб 4 лапи premium кроликом сухий дорослих кішок 300г
57558,7613035027022,Корм Purina One Mini Junior Курка та рис для собак малих порід 800г,,,,,,,,
7123,4820261920499,Снек Yalute Baked Duck Strip Качка запечена для собак 100г,,,,,,,,
75585,4017721823012,Корм Animonda Vom Feinsten Adult з яловичиною і курячим філе вологий для дорослих собак 150г,,,,,,,84 грн,https://masterzoo.ua/ua/vologiy-korm-dlya-sobak-animonda-vom-feinsten-adult-with-beef-chicken-filet-150-g-yalovichina-i-kurka/?q=корм animonda vom feinsten adult яловичиною курячим філе вологий дорослих собак 15
55361,4011905317717,Снек Trixie Rotolinіs з яловичиною для собак 120г,,,,,,,,
12987,"4770608253745,4770608257293",Корм Sheba Select Slice Домашня птиця для котів 85г,,,,,,,21 грн,https://masterzoo.ua/ua/volohyi-korm-dlia-kotiv-sheba-select-slices-pouch-85-h-domashnia-ptytsia/?q=корм sheba select slice домашня птиця котів 85г
75610,4820255190532,Корм Carnie Паштет з індичкою м’ясний для дорослих собак з/б 90г,,,,,,,,
52537,4820215364560,Корм Мяу М’ясо для котів 300г,,,,,,,46 грн,https://masterzoo.ua/ua/sukhiy-korm-dlya-doroslikh-kotiv-myau-300-g-telyatina/?q=корм мяу м’ясо котів 300г
55359,4011905315317,Снек Trixie Premio Chicken Coins Курка для собак 100г,,,,,,,133 грн,https://masterzoo.ua/ua/lakomstvo-dlya-sobak-trixie-premio-chicken-coins-100-g-kuritsa/?q=снек trixie premio chicken coins курка собак 100г
75606,4820275780188,Ласощі Дике Дитя Кролячі суші для собак 100г,,,,,,,,
75322,4017721824750,Корм Animonda GranCarno Junior з яловичиною і індичкою для цуценят з/б 800г,,,,,,,,
75613,4820255192192,Корм М’ясна Миска з куркою шматочки в соусі для дорослих котів з/б 415г,,,,,,,,
75305,8595602548637,Корм Brit Premium Kitten з білою рибою вологий для кошенят 100г,,,,,,,96 грн,https://masterzoo.ua/ua/nabir-volohoho-kormu-dlia-kosheniat-brit-premium-by-nature-pouch-31-sht-kh-100-h-kurka-ta-ryba/?q=корм brit premium kitten білою рибою вологий кошенят 100г
55363,4011905031712,Снек Trixie Rotolinіs з м’ясом птиці для собак 120г,,,,,,,,
53868,4823082431816,Снек Half&Half Adult Яловичина для собак 100г,,,,,,,77 грн,https://masterzoo.ua/ua/lasoshchi-dlya-sobak-halfhalf-meaty-coins-adult-100-g-yalovichina/?q=снек half&half adult яловичина собак 100г
16725,4820083906848,Корм Мяу З апетитним гуляшем для дорослих котів 80г,,,,,96.40грн,https://www.atbmarket.com/product/korm-09-kg-mau-suhij-dla-doroslih-kotiv-masnij-mup,,
8933,4820261920895,Корм Half&Half Sterilized Індичка в желе для котів 100г,,,,,,,90 грн,https://masterzoo.ua/ua/vologiy-korm-dlya-kotiv-halfhalf-sterilized-51-pouch-600-g-indichka/?q=корм half&half sterilized індичка желе котів 100г
55293,8595602505999,Корм Brit Premium Salmon & Trout для котів 100г,,,,,,,32 грн,https://masterzoo.ua/ua/vlazhnyy-korm-dlya-koshek-brit-premium-salmon-trout-pouch-100-g-losos-i-forel/?q=корм brit premium salmon trout котів 100г
58751,7613039838969,Корм Felix Fantastic Ягня для котів 85г,,,,,17.90грн,https://www.atbmarket.com/product/korm-85-g-felix-konservi-dla-kotiv-z-kurkou,20 грн,https://masterzoo.ua/ua/vologiy-korm-dlya-kotiv-felix-fantastic-85-g-yagnya/?q=корм felix fantastic ягня котів 85г
55372,4011905029061,Шампунь Trixie Welpen для цуценят 250мл,,,,,,,,
16699,4820083908927,Корм Клуб 4 Лапи Вологі Преміум З куркою в соусі повнораціонний консервований для кошенят 80г,,,,,,,19 грн,https://masterzoo.ua/ua/vologiy-korm-dlya-kishok-club-4-paws-pouch-85-g-yalovichina-ta-brokoli/?q=корм клуб 4 лапи вологі преміум куркою соусі повнораціонний консервований кошенят
75598,7798182082886,Морозиво Dr. Zoo зі смаком вершків для собак 50г,,,,,,,,
75602,7798182081650,Закуска Dr. Zoo Tiritas зі смаком лосося для котів 40г,,,,,,,,
52540,4820215364553,Корм Мяу Курка для котів 300г,,,,,,,,
72375,4820083909443,Корм Клуб 4 Лапи Premium Курка для цуценят усіх порід 400г,,,74.90 грн,https://varus.ua/korm-suhiy-dlya-doroslih-sobak-malih-porid-klub-4-lapi-mu-400g,,,1535 грн,https://masterzoo.ua/ua/sukhiy-korm-dlya-tsutsenyat-vsikh-porid-club-4-paws-premium-14-kg-kurka/?q=корм клуб 4 лапи premium курка цуценят усіх порід 400г
75615,4820255192208,Корм М’ясна Миска з індичкою шматочки в соусі для дорослих собак з/б 415г,,,,,,,,
75332,4011905041339,"Іграшка Trixie М’ячики та дзвіночки 3шт з пером на гумці для котів d3,5см*80см 4133",,,,,,,,
60964,4823082407927,Наповнювач Sani Pet Лимон універсальний деревинний 5кг, 117.00 грн,https://silpo.ua/product/napovniuvach-pryroda-sanipet-universalnyi-lymon-774549,,,,,,
69350,4047974041307,Іграшка Trixie Catch the Light лазерна указка для котів 8см шт 4130,,,,,,,,
75331,4011905455617,Іграшка Trixie Курка на мотузці плюшева для котів 20см 45561,,,,,,,,
75608,4820255193793,Корм Carnie Паштет з індички м’ясний для собак з/б 185г,,,,,,,,
75330,4011905455600,Іграшка Trixie Вівця плюшева на гумці для котів 20см 45560,,,,,,,,
54547,4820261920949,Корм Half&Half Sensitive Digestion Індичка для котів 300г,,,,,,,81 грн,https://masterzoo.ua/ua/sukhiy-korm-dlya-kotiv-halfhalf-sensitive-digestion-300-g-indichka-lasoshchi-indichka/?q=корм half&half sensitive digestion індичка котів 300г
75293,4820083909221,Корм Клуб 4 Лапи Premium з лососем сухий для дорослих котів 300г,,,,,,,2289 грн,https://masterzoo.ua/ua/sukhiy-korm-dlya-sterelizovanikh-kotiv-club-4-paws-premium-14-kg-losos/?q=корм клуб 4 лапи premium лососем сухий дорослих котів 300г
58755,7613039831281,Корм Felix Sensations Jellies Качка зі шпинатом в желе для котів 85г,,,,,,,,
75338,4011905023953,Гребінець Trixie металевий з середніми/густими зубчиками для собак 16см 2395,,,,,,,,
71381,4011905228464,Контейнер Trixie з пакетами для прибирання M 15шт,,,,,,,349 грн,https://masterzoo.ua/ua/dispenser-trixie-citystyle-z-paketami-dlya-fekaliy-1-upakovka-15-paketiv-svitlo-siriy/?q=контейнер trixie пакетами прибирання m 15шт
55295,8595602505982,Корм Brit Premium Beef Stew & Peas для котів 100г,,,,,,,32 грн,https://masterzoo.ua/ua/vlazhnyy-korm-dlya-koshek-brit-premium-cat-beef-stew-peas-pouch-100-g-tushenaya-govyadina-i-gorokh/?q=корм brit premium beef stew peas котів 100г
30351,7613031868360,Корм Friskies Junior з куркою індичкою молоком та овочами для кошенят 300г, 60.99 грн,https://silpo.ua/product/korm-dlia-kotiv-friskies-indoor-z-kurkoiu-indychkoiu-ta-ovochamy-642739,67.00 грн,https://varus.ua/korm-dlya-koshenyat-suhiy-friskis-300g,,,,
30349,7613031868247,Корм Friskies з куркою та овочами для котів 300г, 12.40 грн,https://silpo.ua/product/korm-dlia-kotiv-friskies-z-kurkoiu-ta-ovochamy-sukhyi-773189,,,46.50грн,https://www.atbmarket.com/product/korm-300g-friskies-suhij-kurka-z-ovocami,,
8935,4820261920918,Корм Half&Half Adult Качка в соусі для котів 100г,,,,,,,110 грн,https://masterzoo.ua/ua/vologiy-korm-dlya-kotiv-halfhalf-adult-51-pouch-600-g-kachka/?q=корм half&half adult качка соусі котів 100г
75304,8595602548460,Корм Brit Premium Sterilised з лососем вологий для стерилізованих котів 100г,,,,https://varus.ua/korm-dlya-kotiv-brit-premium-sterilized-z-yagnyam-dlya-sterilizovanih-300-g,,,439 грн,https://masterzoo.ua/ua/korm-vologiy-brit-premium-delicate-fillets-in-gravy-family-plate-sterilised-d-sterilizovanikh-kotiv-simeyna-tarilka-v-sousi-12-sht-x-85-g/?q=корм brit premium sterilised лососем вологий стерилізованих котів 100г
55360,4011905315874,Снек Trixie Premio Duck Coins Качка для собак 80г,,,,,,,132 грн,https://masterzoo.ua/ua/lakomstvo-dlya-sobak-trixie-premio-chicken-duck-coins-80-g-utka/?q=снек trixie premio duck coins качка собак 80г
63330,"7613034119889,7613287631404",Корм Felix Party Mix Mixed Grill для котів 60г,,,,,,,,
75291,4820083909115,Корм Клуб 4 Лапи Premium Курка сухий для кошенят 300г,,,47.50 грн,https://varus.ua/korm-suhiy-dlya-doroslih-kotiv-kurka-klub-4-lapi-mu-300g,,,65 грн,https://masterzoo.ua/ua/sukhiy-korm-dlya-koshenyat-klub-4-lapi-premium-300-g-kurka/?q=корм клуб 4 лапи premium курка сухий кошенят 300г
12958,"5900951020889,5900951305436",Корм Whiskas Курка з/б 400г,,,,,,,,
68227,4820215368056,Корм Клуб 4 Лапи Premium Selection+ Adult Slices Лосось та макрель для собак 85г,,,,,,,,
27401,4823082435630,Ласощі Природа Жила станова яловича натуральні сушені для собак 100г,,,,,,,646 грн,https://masterzoo.ua/ua/lasoshchi-dlia-sobak-pryroda-zhyla-stanova-sushena-1-kh-yalovychyna/?q=ласощі природа жила станова яловича натуральні сушені собак 100г
13005,"5998749104392,5998749141496",Корм Pedigree DentaStix 0-25кг для собак 77г,,,32.90 грн,https://varus.ua/pedigri-lasoschi-denta-stiks-d-sobak-serednih-porid-77g,,,,
65996,4011905024691,Миска Trixie металева для собак d15см шт 2469,,,,,,,,
75617,4820255192154,Корм М’ясна Миска з телятиною шматочки в соусі для дорослих собак з/б 415г,,,,,,,,
54295,4823082431830,Снек Half&Half Kitten Індичка для котів 50г,,,,,,,,
54298,4823082431854,Снек Half&Half Adult Курка для котів 50г,,,,,,,53 грн,https://masterzoo.ua/ua/lasoshchi-dlya-kotiv-halfhalf-meaty-bits-adult-50-g-yalovichina/?q=снек half&half adult курка котів 50г
68230,4820215368070,Корм Клуб 4 Лапи Premium Selection+ Adult Strips Індичка та крем суп з моркви для котів 85г,,,,,,,,
68233,4820215368100,Корм Клуб 4 Лапи Premium Selection+ Adult Strips Яловичина та крем суп з броколі для котів 85г,,,,,,,,
31032,4820215364294,Корм Мяу для кошенят 80г,,,,,,,,
34863,7613035352346,Корм Friskies з лососем та овочами для стерилізованих котів 270г,,,,,,,,
7126,4820261920635,Снек Yalute Tuna Short Sticks Тунець для котів 50г,,,,,,,75 грн,https://masterzoo.ua/ua/lasoshchi-dlya-kotiv-yalute-salmon-short-sticks-50-g-losos/?q=снек yalute tuna short sticks тунець котів 50г
52539,4820215364577,Корм Мяу Телятина для котів 300г,,,,,,,46 грн,https://masterzoo.ua/ua/sukhiy-korm-dlya-doroslikh-kotiv-myau-300-g-telyatina/?q=корм мяу телятина котів 300г
68231,4820215368087,Корм Клуб 4 Лапи Premium Selection+ Adult Strips Кролик для котів 85г,,,,,,,,
16728,4820083906879,Корм Мяу З рибою та овочами в желе для дорослих котів 80г,,,,,,,,
68229,4820215368063,Корм Клуб 4 Лапи Premium Selection+ Adult Slices Яловичина та овочі для собак 85г,,,,,,,,
75308,8595602553013,Корм Brit Premium Sterilised з лососем сухий для стерилізованих котів 300г,,,,https://varus.ua/korm-dlya-kotiv-brit-premium-sterilized-z-yagnyam-dlya-sterilizovanih-300-g,,,131 грн,https://masterzoo.ua/ua/sukhiy-korm-dlya-sterilizovanikh-kotiv-brit-premium-by-nature-cat-sterilized-salmon-300-g-losos/?q=корм brit premium sterilised лососем сухий стерилізованих котів 300г
75599,7798182082893,Морозиво Dr. Zoo зі смаком банана для собак 50г,,,,,,,,
75600,7798182082909,Морозиво Dr. Zoo зі смаком ковбаски та сиру для собак 50г,,,,,,,,
65984,4011905032665,Іграшка Trixie Кільце з тенісним м’ячем 18см шт 3266,,,,,,,,
75328,6970115700451,Іграшка Eastland М’яч баскетбольний з піщалкою вініл помаранчевий/фіолетовий для собак 7см 520-170,,,,,,,,
65989,4011905040745,Іграшка Trixie Мишка з брязкальцем 10см шт 4074,,,,,,,,
75236,7613038255743,Корм Purina One з куркою та зеленою квасолею в соусі для дорослих котів 85г, 30.19 грн,https://silpo.ua/product/korm-dlia-kotiv-purina-one-z-kurkoiu-ta-kvasoleiu-u-sousi-819221,244.90 грн,https://varus.ua/korm-suhoj-purina-one-s-kuritsej-i-tselnymi-zlakami-dlya-vzroslyh-koshek-800-g,,,,
75235,7613038273358,Корм Purina One з індичкою та зеленою квасолею в соусі для стерилізованих котів 85г,,,,,,,,
65995,4011905248523,Миска Trixie металева для собак d21см шт 24852,,,,,,,,
75625,4828333100020,Корм Home Food Premium М’ясне асорті для дорослих котів 200г ,,,,,,,,
7124,4820261920574,Снек Yalute Rabbit & Apple Bit Кролик-яблуко для собак 100г,,,,,,,,
8932,4820261920888,Корм Half&Half Sterilized Тунець в соусі для котів 100г,,,,,,,110 грн,https://masterzoo.ua/ua/vologiy-korm-dlya-kotiv-halfhalf-sterilized-51-pouch-600-g-tunets/?q=корм half&half sterilized тунець соусі котів 100г
27352,4823082435678,Ласощі Природа Легені яловичі натуральні сушені для собак 50г,,,,https://varus.ua/desert-dlya-sobak-yalovichina-bekon-priroda-550gr,,,60 грн,https://masterzoo.ua/ua/lasoshchi-dlya-sobak-priroda-legeni-yalovichi-susheni-50-g/?q=ласощі природа легені яловичі натуральні сушені собак 50г
53869,4823082431823,Снек Half&Half Adult Качка для собак 100г,,,,,,,77 грн,https://masterzoo.ua/ua/lasoshchi-dlya-sobak-halfhalf-meaty-coins-adult-100-g-kachka/?q=снек half&half adult качка собак 100г
53866,4823082431786,Снек Half&Half Puppy Яловичина для собак 100г,,,,,,,77 грн,https://masterzoo.ua/ua/lasoshchi-dlya-tsutsenyat-halfhalf-meaty-cubes-puppy-100-g-yalovichina/?q=снек half&half puppy яловичина собак 100г
53867,4823082431793,Снек Half&Half Adult Курка для собак 100г,,,,,,,77 грн,https://masterzoo.ua/ua/lasoshchi-dlya-sobak-halfhalf-meaty-coins-adult-100-g-kachka/?q=снек half&half adult курка собак 100г
75605,4820275780201,Ласощі Дике Дитя Кролячі ніжки для собак 100г,,,,,,,,
36173,7613036962230,Корм Friskies Лосось у підливці для котів 85г,,,,,14.70грн,https://www.atbmarket.com/product/korm-85g-friskies-dla-kosenat-z-kurkou-u-pidlivci,,
76049,8445290751096,Корм Friskies Junior з куркою та морквою шматочки у підливці для цуценят 85г,,,,,,,,
13001,5900951017322,Корм Pedigree з куркою в соусі для собак 100г,,,,,,,,
54300,4823082431908,Снек Half&Half Adult Лосось для котів 5г,,,,,,,,
52536,4820215364546,Корм Мяу Кролик для котів 300г,,,,,,,,
69349,4011905045214,Іграшка Trixie М’ячики з дзвіночками 4см 4шт 4521, 23.99 грн,https://silpo.ua/product/igrashka-trixie-m-iachyk-khutrianyi-z-dzvinochkom-3-sm-933900,,,,,,
4762,5900951307355,Корм Kitekat Курка в соусі для котів 85г,,,14.90 грн,https://varus.ua/korm-vlazhnyj-kitekat-s-kuritsej-v-souse-dlya-vzroslyh-koshek-85g,,,,
68222,4820215368674,Корм Клуб 4 Лапи Premium Selection Adult Pate Chicken & Beef для собак з/б 400г,,,,,,,,
68220,4820215368698,Корм Клуб 4 Лапи Premium Selection Adult Pate Chicken & Turkey для собак з/б 400г,,,,,,,,
68225,4820215368049,Корм Клуб 4 Лапи Premium Selection+ Adult Slices Качка та індичка для собак 85г,,,,,,,,
68226,4820215368001,Корм Клуб 4 Лапи Premium Selection+ Adult Slices Rabbit & Turkey для котів 80г,,,,,,,,
75626,4828331470030,Корм Home Food М’ясне асорті для дорослих собак малих порід 300г,,,,,,,,
75628,4828331280030,Корм Home Food Яловичина для дорослих собак середніх порід 300г,,,,,,,,
65979,4011905032702,Іграшка Trixie Канат плетений 15см шт 3270, 39.99 грн,https://silpo.ua/product/igrashka-trixie-kanat-20-sm-463237,,,,,,
63332,7613039832912,Корм Felix Fantastic Лосось в желе для котів 85г, 17.69 грн,https://silpo.ua/product/korm-dlia-kotiv-felix-fantastic-z-lososem-v-zhele-878794,,,,,20 грн,https://masterzoo.ua/ua/vologiy-korm-dlya-kotiv-felix-fantastic-85-g/18775/?q=корм felix fantastic лосось желе котів 85г
16714,4820083902635,Корм Мяу Курка в ніжному соусідля дорослих котів 415г,,,,,96.40грн,https://www.atbmarket.com/product/korm-09-kg-mau-suhij-dla-doroslih-kotiv-masnij-mup,,
12957,"3065890006010,5900951020902,5900951305382",Корм Whiskas Яловичина з/б 400г,,,,,,,,
55253,4823082403486,Десерт Природа Сирний коктейль для собак 100г,,,,,,,40 грн,https://masterzoo.ua/ua/lakomstvo-dlya-sobak-priroda-desert-syrnyy-kokteyl-100-g/?q=десерт природа сирний коктейль собак 100г
4763,5900951307379,Корм Kitekat Яловичина в соусі для котів 85г,,,14.90 грн,https://varus.ua/korm-vlazhnyj-kitekat-s-govyadinoj-v-souse-dlya-vzroslyh-koshek-85g,,,,
75144,5998749144923,Корм Pedigree Junior з домашньою птицею та овочами сухий для цуценят 500г,,,,,,,,
65978,4011905032719,Іграшка Trixie Канат плетений 20см шт 3271, 39.99 грн,https://silpo.ua/product/igrashka-trixie-kanat-20-sm-463237,,,,,,
75629,4828334130020,Корм Home Food Premium Курочка з ягням для кошенят 200г,,,,,,,,
55323,4823082420001,Корм Природа Nature + feed для хвилястих папуг 500г,,,49.10 грн,https://varus.ua/korm-priroda-papugaychik-dlya-volnistyh-popugaev-500-g,,,60 грн,https://masterzoo.ua/ua/korm-dlya-khvilyastikh-papug-priroda-nature-feed-500g/?q=корм природа nature feed хвилястих папуг 500г
75624,4820255193922,Корм М’ясна Миска м’ясний мікс шматочки в соусі для котів 4х100г,,,,,,,,
30355,7613036974431,Корм Friskies Ягня у підливці для котів 85г,,,,,14.70грн,https://www.atbmarket.com/product/korm-85g-friskies-dla-kosenat-z-kurkou-u-pidlivci,,
7125,4820261920628,Снек Yalute Salmon Short Sticks Лосось для котів 50г,,,,,,,75 грн,https://masterzoo.ua/ua/lasoshchi-dlya-kotiv-yalute-salmon-short-sticks-50-g-losos/?q=снек yalute salmon short sticks лосось котів 50г
30354,7613036962315,Корм Friskies Тунець у підливці для котів 85г,,,,,,,,
36176,7613036965248,Корм Friskies Індичка у підливці для котів 85г,,,,,14.70грн,https://www.atbmarket.com/product/korm-85g-friskies-dla-kosenat-z-kurkou-u-pidlivci,,
8934,4820261920901,Корм Half&Half Adult Лосось в желе для котів 100г,,,,,,,90 грн,https://masterzoo.ua/ua/vologiy-korm-dlya-kotiv-halfhalf-adult-51-pouch-600-g-losos/?q=корм half&half adult лосось желе котів 100г
68232,4820215368094,Корм Клуб 4 Лапи Premium Selection+ Adult Strips Курка для котів 85г,,,,,,,,
55257,4820157402337,Корм Природа Фієста колосок мультивітамін для середніх папуг 100г,,,,https://varus.ua/korm-priroda-korela-dlya-srednih-popugaev-500-g,,,55 грн,https://masterzoo.ua/ua/lakomstvo-dlya-srednikh-popugaev-priroda-fiesta-kolosok-2-sht.-multivitamin/?q=корм природа фієста колосок мультивітамін середніх папуг 100г
4764,5900951307348,Корм Kitekat Лосось в соусі для котів 85г,,,14.90 грн,https://varus.ua/korm-vlazhnyj-kitekat-s-lososem-v-souse-dlya-vzroslyh-koshek-85g,,,,
68228,4820215368032,Корм Клуб 4 Лапи Premium Selection+ Adult Slices Veal in Vegetable Jelly для котів 80г,,,,,,,,
54302,4823082431885,Снек Half&Half Adult Індичка для котів 5г,,,,,,,,
63988,8595602552955,Корм Brit Premium by Nature Kitten Chicken для кошенят 300г,,,,,,,,
68170,8445290067821,"Корм Purina One Bifensis Indoor Formula Індичка для котів що мешкають у приміщенні 1,5кг",,,,,,,,
65991,4011905246505,Миска Trixie Mimi керамічна для котів d12см шт 24650,,,,,,,,
55374,4011905029085,Шампунь Trixie Katzen для котів 250мл,,,,,,,,
69348,4011905419916,Іграшка Trixie Мишка-піщалка з чіпом 6см для котів шт,,,,,,,,
68172,7613035467866,Корм Purina One Bifensis Adult Курка та злаки для дорослих котів 800г,,,244.90 грн,https://varus.ua/korm-suhoj-purina-one-s-kuritsej-i-tselnymi-zlakami-dlya-vzroslyh-koshek-800-g,,,,
7534,4820261920567,Снек Yalute Rabbit & Banana Chips Кролик-банан для собак 100г,,,,,,,,
27712,4820033201146,Крекер Нектар Банановий для птахів 2х50г,,,,,,,,
27808,4004218770416,Тetra ALGUMIN 100мл. проти водоростей на 200л. 770416,,,,,,,,
35572,,Кістка Denta пряма 27см/280гр,,,,,,,,
32640,4004218198852,Тetra AQUA SAFE 50мл. для підготовки води на 100л,,,,,,,379 грн,https://masterzoo.ua/ua/nabir-tetra-aqua-safe-250-ml-aqua-crystal-water-100-ml/?q=tetra aqua safe 250мл підготовки води 100л
34996,4820189050490,Метиленовий синій 50мл обезаражів,,,,,,,,
33699,4820189050162,Аква старт 100мл комп.бактерій для запуску акв.,,,,,,,,
34992,4820189050483,Малахітовий зелений 50мл,,,,,,,,
34993,4820189050247,Малахітовий зелений 100мл,,,,,,,,
33003,,"Клубок литий 6,5см 19-13",,,,,,,,
33002,,Клубок литий 5см 20гр 19-12,,,,,,,,
33243,4033766254055,Мінеральна крейда полуниця 47гр,,,,,,,,
33433,5904479720535,Мел д/птахів натуральний,,,,,,,3495 грн,https://masterzoo.ua/ua/sukhiy-korm-dlya-aktivnikh-sobak-josera-active-nature-15-kg-ptakh-ta-yagnya/?q=мел д/птахів натуральний
55370,4011905294100,Шампунь Trixie Trocken-Schaum для шерсті спрей 230мл,,,,,,,,
55328,4823082420025,Корм Природа Nature + feed для шиншил 500г, 51.49 грн,https://silpo.ua/product/korm-dlia-shynshyl-pryroda-nature-feed-879599,,,,,60 грн,https://masterzoo.ua/ua/korm-dlya-shinshil-priroda-nature-feed-500-g/?q=корм природа nature feed шиншил 500г
34997,4820189050230,Метиленовий синій 100мл обезаражів,,,,,,,,
55327,4823082420056,Корм Природа Nature + feed для хом’яків 500г,,,,https://varus.ua/korm-priroda-dlya-homyakov-500-g,,,52 грн,https://masterzoo.ua/ua/korm-dlya-khomyakiv-priroda-nature-feed-500-g/?q=корм природа nature feed хом’яків 500г
55254,4820157401859,Десерт Природа Сирний коктейль для собак 550г,,,,,,,153 грн,https://masterzoo.ua/ua/lakomstvo-dlya-sobak-priroda-desert-syrnyy-kokteyl-550-g/?q=десерт природа сирний коктейль собак 550г
55250,4820157401637,Десерт Природа Яловичина-бекон для собак 550г,,,,https://varus.ua/desert-dlya-sobak-yalovichina-bekon-priroda-550gr,,,153 грн,https://masterzoo.ua/ua/lakomstvo-dlya-sobak-priroda-desert-govyadina-bekon-550-g/?q=десерт природа яловичина-бекон собак 550г
54960,4820261920741,Корм Half&Half Medium Breed Яловичина для собак 2кг,,,,,,,344 грн,https://masterzoo.ua/ua/sukhiy-korm-dlya-sobak-halfhalf-medium-breed-2-kg-yalovichina/?q=корм half&half medium breed яловичина собак 2кг
55276,8595602526321,Корм Brit Premium Junior M з куркою сухий для цуценят та молодих собак середніх порід 3кг,,,,,,,2125 грн,https://masterzoo.ua/ua/sukhyi-korm-dlia-tsutseniat-brit-premium-dog-junior-m-15-kh-kurka/?q=корм brit premium junior m куркою сухий цуценят молодих собак середніх порід
54959,4820261920703,Корм Half&Half Puppy Яловичина для собак 2кг,,,,,,,355 грн,https://masterzoo.ua/ua/sukhiy-korm-dlya-tsutsenyat-halfhalf-puppy-2-kg-yalovichina/?q=корм half&half puppy яловичина собак 2кг
57564,7613034232168,"Корм Friskies Vitafit Balance Курка та овочі для собак 2,4кг",,,,,,,,
57563,7613034232229,"Корм Friskies Vitafit Active з яловичиною для собак 2,4кг",,,,,14.70грн,https://www.atbmarket.com/product/korm-85g-friskies-konservovanij-z-alovicinou-u-sousi,,
57560,"7613034146502,8445290348265","Корм Purina One Mini Active Курка та рис для собак малих порід 1,5кг",,,,,,,,
57555,7613036473415,Корм Purina One Mini Adult Курка-морква-зелена квасоля для собак малих порід 100г,,,,,,,,
55375,4011905028989,Шампунь Trixie Aloe Vera для собак 250мл,,,,,,,141 грн,https://masterzoo.ua/ua/shampun-dlya-sobak-trixie-s-aloe-vera-250-ml/?q=шампунь trixie aloe vera собак 250мл
55371,4011905029078,Шампунь Trixie Neutral для собак та котів 250мл,,,,,,,,
75627,4828331480030,Корм Home Food М’ясне асорті для дорослих собак середніх порід 300г,,,,,,,,
65990,4011905040776,"Іграшка Trixie М’ячі з брязкальцем 4,5см шт 4077", 57.49 грн,https://silpo.ua/product/igrashka-trixie-m-iachyk-spiralnyi-4-5-sm-933749,,,,,,
75143,5998749144961,"Корм Pedigree з домашньою птицею та овочами сухий для дорослих собак 2,6кг",,,,,,,,
75339,4011905249834,"Миска Trixie подвійна сіра метал/силікон для собак 2*0,4л d=16см 40*5*23см 24983",,,,,,,,
75616,4820255192222,Корм М’ясна Миска з куркою шматочки в соусі для дорослих собак з/б 415г,,,,,,,,
75145,5998749143360,Корм Pedigree Mini з домашньою птицею та овочами сухий для дорослих собак маленьких порід 500г,,,,,,,,
75336,8595602520176,Корм Brit Care Grain Free Mini Sensitive з олениною сухий для собак мініатюрних порід з чутливим травленням 400г,,,,,,,,
55338,4823082405640,Спрей Природа SaniPet захист від дряпання для котів 250мл, 95.49 грн,https://silpo.ua/product/sprei-pryroda-sanipet-dlia-zakhystu-vid-driapannia-dlia-kotiv-637242,,,,,,
75314,8595602526284,Корм Brit Premium Adult S з куркою сухий для дорослих собак дрібних порід 1кг,,,263.50 грн,https://varus.ua/korm-dlya-sobak-dribnih-porid-z-kurkoyu-adult-s-premium-brit-1kg,,,806 грн,https://masterzoo.ua/ua/sukhiy-korm-dlya-sobak-malikh-porid-brit-care-dog-sustainable-adult-small-breed-kurka-ta-komakhi-3-kg/?q=корм brit premium adult s куркою сухий дорослих собак дрібних порід 1кг
75337,4011905024103,Гребінець Trixie для пошуку бліх та вошей металевий з пластиковою ручкою 15см 2410,,,,,,,,
55284,8595602545063,Корм Brit Premium Turkey with Liver для котів з/б 200г,,,,,,,,
54316,4820261920789,Корм Half&Half Kitten з яловичиною сухий для кошенят 2кг,,,,,,,395 грн,https://masterzoo.ua/ua/sukhiy-korm-dlya-koshenyat-halfhalf-kitten-2-kg-yalovichina/?q=корм half&half kitten яловичиною сухий кошенят 2кг
54546,4820261920802,Корм Half&Half Sterilised з яловичиною сухий для стерілізованих котів 2кг,,,,,,,,
54655,4820261920826,Корм Half&Half Sensitive з індичкою для котів із чутливим травленням 2кг,,,,,,,81 грн,https://masterzoo.ua/ua/sukhiy-korm-dlya-kotiv-halfhalf-sensitive-digestion-300-g-indichka-lasoshchi-indichka/?q=корм half&half sensitive індичкою котів із чутливим травленням 2кг
75315,8595602526314,Корм Brit Premium Junior M з куркою сухий для цуценят та молодих собак середніх порід 1кг,,,,,,,2125 грн,https://masterzoo.ua/ua/sukhyi-korm-dlia-tsutseniat-brit-premium-dog-junior-m-15-kh-kurka/?q=корм brit premium junior m куркою сухий цуценят молодих собак середніх порід
75318,8595602526666,Корм Brit Premium Sport з куркою сухий для дорослих собак з високими витратами енергії 3кг,,,,,,,699 грн,https://masterzoo.ua/ua/sukhyi-korm-dlia-sobak-brit-premium-sport-3-kh-kurka/?q=корм brit premium sport куркою сухий дорослих собак високими витратами енергії 3кг
75316,8595602526260,Корм Brit Premium Junior S з куркою сухий для молодих собак дрібних порід 3кг,,,,,,,,
55261,"8595602513246,8595602553143","Корм Brit Premium Indoor з куркою сухий для котів що мешкають і приміщенні 1,5кг",,,,,,,236 грн,"https://masterzoo.ua/ua/sukhiy-korm-dlya-kotiv-yaki-meshkaut-v-primishchenni-brit-care-cat-gf-indoor-anti-stress-400-g-kurka/?q=корм brit premium indoor куркою сухий котів що мешкають приміщенні 1,5кг"
54958,4820261920840,Корм Half&Half Adult з яловичиною сухий для дорослих котів 2кг,,,,,,,74 грн,https://masterzoo.ua/ua/sukhiy-korm-dlya-kotiv-halfhalf-adult-300-g-yalovichina-lasoshchi-kachka/?q=корм half&half adult яловичиною сухий дорослих котів 2кг
75334,4011905335018,Іграшка Trixie Dog Activity Літаюча Тарілка гума для собак 18см 33501,,,,,,,,
75323,4017721826235,Корм Animonda Vom Feinsten Senior з птицею і ягнятиною вологий для літніх собак 150г,,,,,,,84 грн,https://masterzoo.ua/ua/vologiy-korm-dlya-sobak-animonda-vom-feinsten-senior-150-g-ptakh-i-yagnya/?q=корм animonda vom feinsten senior птицею ягнятиною вологий літніх собак 150г
67144,8595602552986,Корм Brit Premium by Nature Indoor Chicken для котів 300г,,,,,,,,
65985,4011905337029,Іграшка Trixie Шина на мотузці 15см шт 33702, 79.99 грн,https://silpo.ua/product/igrashka-dlia-sobak-trixie-sosyska-na-motuztsi-11-sm-74266,,,,,,
27583,4011905023007,Щітка-пуходерка Trixie дерев’яна для собак 10*18см 2300,,,,,,,,
54297,4823082431861,Снек Half&Half Adult Яловичина для котів 50г,,,,,,,53 грн,https://masterzoo.ua/ua/lasoshchi-dlya-kotiv-halfhalf-meaty-bits-adult-50-g-yalovichina/?q=снек half&half adult яловичина котів 50г
13011,"4008429008535,4008429054693",Наповнювач Корм Катсан Гiгiєнiчн. 5л,,,,,,,,
12982,5900951248818,Корм Kitekat з яловичиною та овочами для котів 300г,,,,https://varus.ua/korm-suhiy-dlya-doroslih-kotiv-z-yalovichinoyu-ta-ovochami-kitekat-mu-1-8kg,52.90грн,https://www.atbmarket.com/product/korm-300g-kitekat-suhij-dla-doroslih-kotiv-z-alovicinou-ta-ovocami,,
75310,8595602552979,Корм Brit Premium Adult з лососем сухий для дорослих котів 300г,,,,,,,2760 грн,https://masterzoo.ua/ua/sukhyi-korm-dlia-kotiv-home-food-adult-for-british-scottish-10-kh-indychka-ta-kachka/?q=корм brit premium adult лососем сухий дорослих котів 300г
75306,8595602553020,Корм Brit Premium Sensitive з ягням сухий для котів із чутливим травленням 300г,,,,https://varus.ua/korm-dlya-kotiv-brit-premium-z-yagnyam-dlya-chutlivogo-travlennya-300-g,,,132 грн,https://masterzoo.ua/ua/sukhiy-korm-dlya-kotiv-iz-chutlivim-travlennyam-brit-premium-by-nature-cat-sensitive-300-g-yagnya/?q=корм brit premium sensitive ягням сухий котів із чутливим травленням 300г
65975,4011905358123,Іграшка Trixie Качка для собак 15см шт 35812,,,206.90 грн,https://varus.ua/igrashka-d-sobak-kanat-z-vuzlami-54sm,,,,
65982,4011905351766,Іграшка Trixie Качка біла 13см шт 35176, 39.99 грн,https://silpo.ua/product/igrashka-trixie-kanat-20-sm-463237,,,,,,
65976,4011905347486,Іграшка Trixie Їжачок для собак 12см шт 34748,,,,,,,,
65983,4011905331812,"Іграшка Trixie Кільце Denta Fun Mintfresh 12,5см шт 33181",,,,,,,,
75603,7798182081667,Закуска Dr. Zoo Tiritas зі смаком тунця та рису для котів 40г,,,,,,,,
75303,8595602548453,Корм Brit Premium Sterilised з печінкою вологий для стерилізованих котів 100г,,,,https://varus.ua/korm-dlya-sterilizovanih-kotiv-z-kurkoyu-premium-brit-vag,,,305 грн,https://masterzoo.ua/ua/nabir-vologogo-kormu-dlya-kotiv-brit-premium-sterilised-pouch-12-sht-100-g-asorti/?q=корм brit premium sterilised печінкою вологий стерилізованих котів 100г
71980,5060926680415,Щітка Tangle Teezer Pet Teezer Cat Grooming Green для котів шт,,,,,,,,
75231,7613036269025,"Корм Purina One DualNature Spirulina з куркою сухий для дорослих котів 1,4кг",,,,,,,,
75232,8445290070913,"Корм Purina One Sterilcat лосось-пшениця сухий для дорослих котів після стерилізації 1,5кг",,,,,,,,
75294,4820083909313,Корм Клуб 4 Лапи Premium з ефектом виведення шерсті сухий для дорослих котів 300г,,,84.30 грн,https://varus.ua/korm-suhiy-dlya-doroslih-kotiv-z-efektom-vivedennya-shersti-z-travnogo-traktu-klub-4-lapi-mu-300g,,,360 грн,https://masterzoo.ua/ua/sukhiy-korm-dlya-kotiv-z-efektom-vivedennya-shersti-club-4-paws-premium-2-kg-kurka/?q=корм клуб 4 лапи premium ефектом виведення шерсті сухий дорослих котів 300г
54296,4823082431847,Снек Half&Half Adult Качка для котів 50г,,,,,,,,
27621,4820189050537,Аква старт 50мл комп.бактерій для запуску акв. 500л 050537,,,,,,,,
54957,4820261920956,Корм Half&Half Adult Яловичина для котів 300г,,,,,,,74 грн,https://masterzoo.ua/ua/sukhiy-korm-dlya-kotiv-halfhalf-adult-300-g-yalovichina-lasoshchi-kachka/?q=корм half&half adult яловичина котів 300г
55286,8595602545018,Корм Brit Premium Chicken with Beef для котів з/б 200г,,,,,,,99 грн,https://masterzoo.ua/ua/vologiy-korm-dlya-kotiv-brit-premium-chicken-beef-200-g-pashtet-z-kurkou-ta-yalovichinou/?q=корм brit premium chicken with beef котів з/б 200г
27618,5904479741042,Суміш HERBAL лікарських трав для гризунів 40гр Lolopets 74104,,,,,,,,
54303,4820261920925,Корм Half&Half Kitten Яловичина для котів 300г,,,,,,,39 грн,https://masterzoo.ua/ua/sukhiy-korm-dlya-koshenyat-halfhalf-kitten-300-g-yalovichina/?q=корм half&half kitten яловичина котів 300г
54545,4820261920932,Корм Half&Half Sterilized Яловичина для котів 300г,,,,,,,74 грн,https://masterzoo.ua/ua/sukhiy-korm-dlya-kotiv-halfhalf-sterilized-300-g-yalovichina-lasoshchi-losos/?q=корм half&half sterilized яловичина котів 300г
75340,4011905231259,Щітка-пуходерка Trixie пластикова для котів 7*16см 23125,,,,,,,388 грн,https://masterzoo.ua/ua/shchetka-pukhoderka-trixie-s-plastikovoy-ruchkoy-i-zashchitnymi-sharikami-7-sm-16-sm-rozovaya/10411/?q=щітка-пуходерка trixie пластикова котів 7*16см 23125
71982,5060630041694,Щітка Tangle Teezer Pet Teezer Mini De-shedding & Grooming Blue для собак шт,,,,,,,,
71981,5060926680576,Щітка Tangle Teezer Pet Teezer Detangling & Grooming Blue Grey для собак шт,,,,,,,,
55326,4823082420018,Корм Природа Nature + feed для середніх папуг 500г,,,,https://varus.ua/korm-priroda-korela-dlya-srednih-popugaev-500-g,,,62 грн,https://masterzoo.ua/ua/korm-dlya-serednikh-papug-priroda-nature-feed-500g/?q=корм природа nature feed середніх папуг 500г
7519,7613031341887,"Корм Friskies Курка-індичка-овочі для котів 1,5кг",,,,,,,,
65992,4011905246406,Підставка Trixie Eat on Feet з керамічними мисками d13см шт 24640,,,,,,,,
55256,4820157402306,Корм Природа Фієста колосок мультивітамін для хвилястих папуг 100г,,,,https://varus.ua/lasoschi-dlya-hvilyastih-papug-kolosok-fruktoviy-fiesta-priroda-100g,,,53 грн,https://masterzoo.ua/ua/lakomstvo-dlya-volnistykh-popugaev-priroda-fiesta-kolosok-2-sht.-multivitamin/?q=корм природа фієста колосок мультивітамін хвилястих папуг 100г
33162,2433162,Трахея в’ялена яловича ФАУНА 200г,,,,,,,,
55346,4820157404461,Туалет Природа для собак малий 40х55см, 599.00 грн,https://silpo.ua/product/tualet-dlia-sobak-pryroda-malyi-40kh55-sm-827302,,,,,,
55255,4820157402290,Корм Природа Фієста колосок мультивітамін для гризунів 100г,,,,,,,55 грн,https://masterzoo.ua/ua/lakomstvo-dlya-gryzunov-priroda-fiesta-kolosok-2-sht.-multivitamin/?q=корм природа фієста колосок мультивітамін гризунів 100г
75630,4828333110020,Корм Home Food Premium Курочка з рибкою для стерильних котів 200г,,,,,,,,
62496,7613036962216,Корм Friskies Яловичина у підливці для котів 85г,,,,,14.70грн,https://www.atbmarket.com/product/korm-85g-friskies-dla-kosenat-z-kurkou-u-pidlivci,,
55334,4823082410279,Нашийник Природа Профілайн протипаразит. для собак фіолетовий 70см,,,,,,,,
32986,,Кістка натуральна 5см/11гр/,,,,,,,90 грн,https://masterzoo.ua/ua/korm-dlya-shchuriv-special-one-500-g/?q=кістка натуральна 5см/11гр/
7122,4820261920482,Снек Yalute Chicken & Duck Fillets Курка-качка для собак 100г,,,,,,,,
71983,5060630040901,Щітка Tangle Teezer Pet Teezer Puppy Brush Green для собак шт,,,,,,,,
75296,4820083909597,Корм Клуб 4 Лапи Premium Ягня і рис сухий для дорослих собак малих порід 900г,,,,,,,149 грн,https://masterzoo.ua/ua/sukhiy-korm-dlya-sobak-malikh-porid-club-4-paws-premium-900-g-yagnya-i-ris/?q=корм клуб 4 лапи premium ягня рис сухий дорослих собак малих порід 900г
75604,4820275780119,Ласощі Дике Дитя Качине кільце для собак 100г,,,,,,,,
19292,,"Корм Purina One Adult Mini/Small з куркою, морквою та зеленою квасолею для собак до 10кг 85г",,,,,,,,
